{
    "loss": 0.3381306827068329,
    "accuracy": 0.8620689511299133
}