{
    "loss": 0.1845429390668869,
    "accuracy": 0.9396551847457886
}